ALL SCHOOLS,ADDRESS,SCHOOL PD,original address,latitude,longitude,",",,,,,768928,103.8300549,1.4360948
ADMIRALTY PRIMARY SCHOOL,11 WOODLANDS CIRCLE,738907,11 WOODLANDS CIRCLE,36.002964,-84.915796,",",,,,,737916,103.8029081,1.44591185
ADMIRALTY SECONDARY SCHOOL,31 WOODLANDS CRESCENT,737916,31 WOODLANDS CRESCENT,1.445881,103.802398,",",,,,,768643,103.8327098,1.4338487
AHMAD IBRAHIM PRIMARY SCHOOL,10 YISHUN STREET 11,768643,10 YISHUN STREET 11,1.433543,103.832949,",",,,,,579646,103.8329367,1.3605246
AHMAD IBRAHIM SECONDARY SCHOOL,751 YISHUN AVENUE 7,768928,751 YISHUN AVENUE 7,1.436663,103.829889,",",,,,,159016,103.8240659,1.2912837
AI TONG SCHOOL,100 BRIGHT HILL DRIVE,579646,100 BRIGHT HILL DRIVE,1.360415,103.832615,",",,,,,738907,103.8003451,1.4429414
ALEXANDRA PRIMARY SCHOOL,2A Prince Charles Crescent,159016,2A Prince Charles Crescent,1.292299,103.823529,",",,,,,487012,103.9417577,1.3300645
ANCHOR GREEN PRIMARY SCHOOL,31 Anchorvale Drive,544969,31 Anchorvale Drive,1.390925,103.887407,",",,,,,569843,103.8457974,1.3791515
ANDERSON JUNIOR COLLEGE,4500 ANG MO KIO AVENUE 6,569843,4500 ANG MO KIO AVENUE 6,1.378043,103.845762,",",,,,,309919,103.8356591,1.31969675
ANDERSON PRIMARY SCHOOL,6 ANG MO KIO AVE 2 ,569948,6 ANG MO KIO AVE 2,1.376234,103.835799,",",,,,,544969,103.8865931,1.3917468
ANDERSON SECONDARY SCHOOL,10 ANG MO KIO STREET 53,569206,10 ANG MO KIO STREET 53,1.374262,103.851456,",",,,,,569948,103.8355498,1.37583935
ANG MO KIO PRIMARY SCHOOL,20 ANG MO KIO AVENUE 3 ,569920,20 ANG MO KIO AVENUE 3,1.368803,103.839266,",",,,,,569206,103.8517531,1.37541455
ANG MO KIO SECONDARY SCHOOL,6 ANG MO KIO STREET 22,569362,6 ANG MO KIO STREET 22,1.367353,103.8426,",",,,,,569920,103.8371921,1.3693686
ANGLICAN HIGH SCHOOL,600 UPPER CHANGI ROAD,487012,600 UPPER CHANGI ROAD,1.330302,103.941937,",",,,,,679697,103.7662588,1.3701112
ANGLO-CHINESE JUNIOR COLLEGE,25 DOVER CLOSE EAST,139745,25 DOVER CLOSE EAST,1.303305,103.785253,",",,,,,139745,103.7856243,1.3026072
ANGLO-CHINESE SCHOOL (BARKER ROAD),60 BARKER ROAD,309919,60 BARKER ROAD,42.441927,-73.270748,",",,,,,307516,103.8442032,1.325198
ANGLO-CHINESE SCHOOL (INDEPENDENT),121 DOVER ROAD,139650,121 DOVER ROAD,40.750488,-81.837377,",",,,,,538403,103.8826498,1.34065965
ANGLO-CHINESE SCHOOL (JUNIOR),16 WINSTEDT ROAD,227988,16 WINSTEDT ROAD,1.309454,103.841372,",",,,,,227988,103.8414047,1.3090244
ANGLO-CHINESE SCHOOL (PRIMARY),50 BARKER ROAD,309918,50 BARKER ROAD,42.441971,-73.270708,",",,,,,149059,103.8002657,1.3018946
ASSUMPTION ENGLISH SCHOOL,121 QUEENSWAY,149059,121 QUEENSWAY,1.302031,103.800263,",",,,,,419612,103.91022,1.33481335
ASSUMPTION PATHWAY SCHOOL,30 Cashew Road,679697,30 Cashew Road,1.370527,103.766752,",",,,,,329927,103.8444596,1.325701
BALESTIER HILL PRIMARY SCHOOL,565 BALESTIER ROAD,329927,565 BALESTIER ROAD,1.325976,103.844562,",",,,,,479225,103.9202473,1.33546235
BALESTIER HILL SECONDARY SCHOOL,11 NOVENA RISE,307516,11 NOVENA RISE,1.324729,103.84457,",",,,,,339948,103.8651583,1.3204862
BARTLEY SECONDARY SCHOOL,10 JALAN BUNGA RAMPAI ROAD,538403,10 JALAN BUNGA RAMPAI ROAD,-6.225594,106.932776,",",,,,,327919,103.8607825,1.3244489
BEACON PRIMARY SCHOOL,36 Bukit Panjang Ring Road,679944,36 Bukit Panjang Ring Road,1.384235,103.77377,",",,,,,679944,103.7738046,1.38416195
BEATTY SECONDARY SCHOOL,1 TOA PAYOH NORTH,318990,1 TOA PAYOH NORTH,1.34154,103.851956,",",,,,,469317,103.9378306,1.3240565
BEDOK GREEN PRIMARY SCHOOL,1 BEDOK SOUTH AVE 2,469317,1 BEDOK SOUTH AVE 2,1.323989,103.937761,",",,,,,575565,103.8334863,1.36480145
BEDOK GREEN SECONDARY SCHOOL,360 BEDOK NORTH AVE 3,469722,360 BEDOK NORTH AVE 3,1.333844,103.935512,",",,,,,468585,103.9506916,1.3252203
BEDOK NORTH SECONDARY SCHOOL,20 JALAN DAMAI,419612,20 JALAN DAMAI,-6.203733,107.001436,",",,,,,649930,103.7129682,1.34308905
BEDOK SOUTH SECONDARY SCHOOL,1 JALAN LANGGAR BEDOK,468585,1 JALAN LANGGAR BEDOK,1.324809,103.950977,",",,,,,399935,103.8868851,1.30726495
BEDOK TOWN SECONDARY SCHOOL,232 BEDOK NORTH STREET 3,469626,232 BEDOK NORTH STREET 3,1.331593,103.922228,",",,,,,109100,103.809126,1.2765292
BEDOK VIEW SECONDARY SCHOOL,6 BEDOK SOUTH AVENUE 3,469293,6 BEDOK SOUTH AVENUE 3,1.324312,103.943919,",",,,,,159050,103.8129789,1.28601535
BEDOK WEST PRIMARY SCHOOL,50 BEDOK RESERVOIR CRESCENT,479225,50 BEDOK RESERVOIR CRESCENT,1.335746,103.920101,",",,,,,689809,103.7383207,1.38209905
BENDEMEER PRIMARY SCHOOL,91 BENDEMEER ROAD,339948,91 BENDEMEER ROAD,1.321952,103.866017,",",,,,,648354,103.7016908,1.3426946
BENDEMEER SECONDARY SCHOOL,1 ST WILFRED ROAD,327919,1 ST WILFRED ROAD,1.32432,103.861002,",",,,,,679676,103.7695455,1.37356595
BISHAN PARK SECONDARY SCHOOL,2 SIN MING WALK,575565,2 SIN MING WALK,1.352543,103.835801,",",,,,,598112,103.7668307,1.33755125
BLANGAH RISE PRIMARY SCHOOL,91 TELOK BLANGAH HEIGHTS,109100,91 TELOK BLANGAH HEIGHTS,1.276261,103.808522,",",,,,,757699,103.8145135,1.453724
BOON LAY GARDEN PRIMARY SCHOOL,20 BOON LAY DRIVE,649930,20 BOON LAY DRIVE,1.34287,103.712983,",",,,,,757714,103.8155937,1.45085035
BOON LAY SECONDARY SCHOOL,11 JURONG WEST STREET 65,648354,11 JURONG WEST STREET 65,1.342172,103.701945,",",,,,,579767,103.8483595,1.3536714
BOWEN SECONDARY SCHOOL,2 LORONG NAPIRI,547529,2 LORONG NAPIRI,1.370117,103.877649,",",,,,,297822,103.8353628,1.3252735
BROADRICK SECONDARY SCHOOL,61 Dakota Crescent,399935,61 Dakota Crescent,1.307522,103.886698,",",,,,,379481,103.8875929,1.3285371
BUKIT BATOK SECONDARY SCHOOL,50 BUKIT BATOK WEST AVE 8,658962,50 BUKIT BATOK WEST AVE 8,1.348506,103.740867,",",,,,,349700,103.8754864,1.33554225
BUKIT MERAH SECONDARY SCHOOL,10 LENGKOK BAHRU,159050,10 LENGKOK BAHRU,1.285583,103.81344,",",,,,,529896,103.9522753,1.33982335
BUKIT PANJANG GOVT. HIGH SCHOOL,7 CHOA CHU KANG AVE 4,689809,7 CHOA CHU KANG AVE 4,1.38166,103.738424,",",,,,,466781,-120.9071269,40.121103
BUKIT PANJANG PRIMARY SCHOOL,109 CASHEW ROAD,679676,109 CASHEW ROAD,40.187001,-78.599797,",",,,,,529894,103.9494145,1.3386575
BUKIT TIMAH PRIMARY SCHOOL,111 Lorong Kismis,598112,111 Lorong Kismis,1.337385,103.766768,",",,,,,679301,103.7706158,1.3692467
BUKIT VIEW PRIMARY SCHOOL,18 BUKIT BATOK STREET 21,659634,18 BUKIT BATOK STREET 21,1.34618,103.753863,",",,,,,424821,103.9108257,1.3064549
BUKIT VIEW SECONDARY SCHOOL,16 BUKIT BATOK STREET 21,659633,16 BUKIT BATOK STREET 21,1.34572,103.752298,",",,,,,679287,103.768197,1.3664051
CANBERRA PRIMARY SCHOOL,21 ADMIRALTY DRIVE,757714,21 ADMIRALTY DRIVE,41.529663,-71.302849,",",,,,,449150,103.9176891,1.3064781
CANBERRA SECONDARY SCHOOL,51 SEMBAWANG DRIVE,757699,51 SEMBAWANG DRIVE,1.453794,103.814663,",",,,,,534793,103.899453,1.3735975
CANOSSA CONVENT PRIMARY SCHOOL,107 CIRCUIT ROAD,379481,107 CIRCUIT ROAD,43.693055,-71.055101,",",,,,,558979,103.8639303,1.3577786
CANTONMENT PRIMARY SCHOOL,1 Cantonment Close,88256,1 Cantonment Close,1.27562,103.84,",",,,,,319764,103.846199,1.3315585
CASUARINA PRIMARY SCHOOL,30 PASIR RIS ST 41,518935,30 PASIR RIS ST 41,1.372421,103.957724,",",,,,,569250,103.8583979,1.36403465
CATHOLIC HIGH SCHOOL,9 BISHAN STREET 22,579767,9 BISHAN STREET 22,1.355193,103.846228,",",,,,,569405,103.8340606,1.3734614
CATHOLIC JUNIOR COLLEGE,129 WHITLEY ROAD,297822,129 WHITLEY ROAD,35.716397,-78.252629,",",,,,,529392,103.9509206,1.35054425
CEDAR GIRLS' SECONDARY SCHOOL,1 CEDAR AVENUE,349692,1 CEDAR AVENUE,38.879905,-76.506399,",",,,,,768959,103.8392901,1.4387276
CEDAR PRIMARY SCHOOL,15 CEDAR AVENUE,349700,15 CEDAR AVENUE,39.303269,-76.473068,",",,,,,737924,103.7931451,1.42666655
CHAI CHEE SECONDARY SCHOOL,5 SENNETT ROAD,466781,5 SENNETT ROAD,1.315771,103.938335,",",,,,,439012,103.8917557,1.30537335
CHANGKAT CHANGI SECONDARY SCHOOL,23 SIMEI ST 3,529894,23 SIMEI ST 3,1.340939,103.952619,",",,,,,129903,103.7646963,1.3159636
CHANGKAT PRIMARY SCHOOL,11 SIMEI ST 3,529896,11 SIMEI ST 3,1.340164,103.951801,",",,,,,127443,103.7647711,1.30651675
CHESTNUT DRIVE SECONDARY SCHOOL,58 CHESTNUT DRIVE,679301,58 CHESTNUT DRIVE,40.93818,-74.258994,",",,,,,545091,103.8980088,1.3944704
CHIJ (KATONG) PRIMARY,17 MARTIA ROAD,424821,17 MARTIA ROAD,1.306931,103.910846,",",,,,,608784,103.7456599,1.31965635
CHIJ (KELLOCK),1 Bukit Teresa Road,99757,1 Bukit Teresa Road,1.275051,103.827987,",",,,,,545083,103.900147,1.39652095
CHIJ KATONG CONVENT,346 MARINE TERRACE,449150,346 MARINE TERRACE,1.306597,103.917751,",",,,,,518902,103.9510047,1.36843385
CHIJ OUR LADY OF GOOD COUNSEL,2C Burghley Drive,558979,2C Burghley Drive,1.35732,103.863998,",",,,,,518901,103.9489438,1.36757525
CHIJ OUR LADY OF THE NATIVITY,1257 UPPER SERANGOON ROAD,534793,1257 UPPER SERANGOON ROAD,1.372971,103.898088,",",,,,,569185,103.8593842,1.37217565
CHIJ OUR LADY QUEEN OF PEACE,4 Chestnut Drive,679287,4 Chestnut Drive,38.401563,-82.409614,",",,,,,609561,103.742802,1.34389145
CHIJ PRIMARY (TOA PAYOH),430 Lorong 1 Toa Payoh,319759,430 Lorong 1 Toa Payoh,1.340196,103.843209,",",,,,,479229,103.9268263,1.33770855
CHIJ SECONDARY (TOA PAYOH),626 LORONG 1 TOA PAYOH,319764,626 LORONG 1 TOA PAYOH,1.332007,103.842993,",",,,,,648347,103.7076769,1.35149865
CHIJ ST. JOSEPH'S CONVENT,62 SENG KANG EAST WAY,548595,62 SENG KANG EAST WAY,1.391747,103.902461,",",,,,,479226,103.9213293,1.33547405
CHIJ ST. NICHOLAS GIRLS' SCHOOL,501 ANG MO KIO STREET 13,569405,501 ANG MO KIO STREET 13,1.373744,103.834301,",",,,,,569277,103.852191,1.3667377
CHIJ ST. THERESA'S CONVENT,160 LOWER DELTA ROAD,99138,160 LOWER DELTA ROAD,1.276121,103.822486,",",,,,,688845,103.7518903,1.3834847
CHONG BOON SECONDARY SCHOOL,2 ANG MO KIO STREET 44,569250,2 ANG MO KIO STREET 44,1.363994,103.858355,",",,,,,689285,103.7432593,1.3950086
CHONGFU SCHOOL,170 YISHUN AVENUE 6,768959,170 YISHUN AVENUE 6,1.438563,103.839285,",",,,,,529093,103.9560139,1.36116845
CHONGZHENG PRIMARY SCHOOL,1 TAMPINES STREET 21,529392,1 TAMPINES STREET 21,1.350835,103.951438,",",,,,,469031,103.919902,1.3295133
CHRIST CHURCH SECONDARY SCHOOL,20 WOODLANDS DRIVE 17,737924,20 WOODLANDS DRIVE 17,1.426395,103.793419,",",,,,,436895,103.8731869,1.2964603
CHUA CHU KANG PRIMARY SCHOOL,20 CHOA CHU KANG AVENUE 2,689905,20 CHOA CHU KANG AVENUE 2,1.378056,103.741723,",",,,,,529258,103.961887,1.3528929
CHUA CHU KANG SECONDARY SCHOOL,3 TECK WHYE CRESCENT,688845,3 TECK WHYE CRESCENT,1.382406,103.752382,",",,,,,828814,103.9023124,1.4002065
CHUNG CHENG HIGH SCHOOL (MAIN),50 GOODMAN ROAD,439012,50 GOODMAN ROAD,43.409469,-73.554702,",",,,,,529231,103.9610806,1.35697385
CHUNG CHENG HIGH SCHOOL (YISHUN),11 Yishun St 61,768547,11 Yishun St 61,1.418737,103.837311,",",,,,,419529,103.9045853,1.32463215
CLEMENTI PRIMARY SCHOOL,8 CLEMENTI AVE 3,129903,8 CLEMENTI AVE 3,1.315403,103.763253,",",,,,,529177,103.9493169,1.3581717
CLEMENTI TOWN SECONDARY SCHOOL,10 CLEMENTI AVE 3,129904,10 CLEMENTI AVE 3,1.315501,103.762094,",",,,,,139648,103.7851178,1.2997446
CLEMENTI WOODS SECONDARY SCHOOL,170 WEST COAST ROAD,127443,170 WEST COAST ROAD,40.11541,-123.814138,",",,,,,738908,103.7947361,1.44383025
COMMONWEALTH SECONDARY SCHOOL,698 WEST COAST ROAD,608784,698 WEST COAST ROAD,1.3192,103.745652,",",,,,,757521,103.817531,1.4542204
COMPASSVALE PRIMARY SCHOOL,21 COMPASSVALE ST,545091,21 COMPASSVALE ST,1.39418,103.897901,",",,,,,738489,103.7940238,1.44173915
COMPASSVALE SECONDARY SCHOOL,51 COMPASSVALE CRESCENT,545083,51 COMPASSVALE CRESCENT,1.396086,103.899711,",",,,,,678972,103.764019,1.37537655
CONCORD PRIMARY SCHOOL,3 CHOA CHU KANG AVE 4,689814,3 CHOA CHU KANG AVE 4,1.380026,103.73625,",",,,,,469680,103.9318825,1.3300987
CORAL PRIMARY SCHOOL,20 PASIR RIS ST 51,518902,20 PASIR RIS ST 51,1.367979,103.950803,",",,,,,648200,103.6996377,1.3369298
CORAL SECONDARY SCHOOL,31 PASIR RIS STREET 51,518901,31 PASIR RIS STREET 51,1.367101,103.949261,",",,,,,217567,103.8509822,1.3124843
CORPORATION PRIMARY SCHOOL,31 JURONG WEST STREET 24,648347,31 JURONG WEST STREET 24,1.351499,103.707576,",",,,,,319252,103.8558675,1.3404649
CRESCENT GIRLS' SCHOOL,357 TANGLIN ROAD,247961,357 TANGLIN ROAD,1.293338,103.817566,",",,,,,739063,103.7782306,1.43072155
CREST SECONDARY SCHOOL,561 Jurong East Street 24,609561,561 Jurong East Street 24,1.343466,103.742462,",",,,,,159561,103.8236493,1.28940155
DA QIAO PRIMARY SCHOOL,8 ANG MO KIO STREET 54,569185,8 ANG MO KIO STREET 54,1.371969,103.85865,",",,,,,389705,103.8818795,1.3184954
DAMAI PRIMARY SCHOOL,52 BEDOK RESERVOIR CRESCENT,479226,52 BEDOK RESERVOIR CRESCENT,1.335847,103.921064,",",,,,,609647,103.7364621,1.3364515
DAMAI SECONDARY SCHOOL,4800 BEDOK RESERVOIR ROAD,479229,4800 BEDOK RESERVOIR ROAD,1.336405,103.927061,",",,,,,649410,103.7232261,1.3482378
DAZHONG PRIMARY SCHOOL,35 BUKIT BATOK STREET 31,659441,35 BUKIT BATOK STREET 31,1.359,103.748528,",",,,,,828848,103.9127245,1.39620005
DE LA SALLE SCHOOL,11 Choa Chu Kang St 52,689285,11 Choa Chu Kang St 52,1.39478,103.743517,",",,,,,677744,103.7679832,1.3856276
DEYI SECONDARY SCHOOL,1 ANG MO KIO STREET 42,569277,1 ANG MO KIO STREET 42,1.365893,103.852329,",",,,,,828866,103.9115897,1.39768765
DUNEARN SECONDARY SCHOOL,21 BUKIT BATOK WEST AVENUE 2,659204,21 BUKIT BATOK WEST AVENUE 2,1.363886,103.74518,",",,,,,679938,103.7724629,1.3803379
DUNMAN HIGH SCHOOL,10 TANJONG RHU ROAD,436895,10 TANJONG RHU ROAD,1.29836,103.882979,",",,,,,579807,103.8499258,1.34460875
DUNMAN SECONDARY SCHOOL,21 TAMPINES STREET 45,529093,21 TAMPINES STREET 45,1.360673,103.956206,",",,,,,518969,103.9631139,1.36927135
EAST COAST PRIMARY SCHOOL,8 CHAI CHEE LANE,469031,8 CHAI CHEE LANE,1.329372,103.919612,",",,,,,737942,103.804772,1.43993565
EAST SPRING PRIMARY SCHOOL,31 TAMPINES ST 33,529258,31 TAMPINES ST 33,1.35349,103.961799,",",,,,,529366,103.9516516,1.34878235
EAST SPRING SECONDARY SCHOOL,30 TAMPINES STREET 34,529231,30 TAMPINES STREET 34,1.355997,103.960586,",",,,,,579806,103.8493097,1.345753
EAST VIEW PRIMARY SCHOOL,4 TAMPINES STREET 91,528907,4 TAMPINES STREET 91,1.346797,103.939585,",",,,,,427072,103.902673,1.31173415
EAST VIEW SECONDARY SCHOOL,3 TAMPINES STREET 42,529177,3 TAMPINES STREET 42,1.357878,103.949913,",",,,,,159544,103.8197259,1.2843565
EDGEFIELD PRIMARY SCHOOL,41 EDGEFIELD PLAINS,828869,41 EDGEFIELD PLAINS,1.399887,103.907469,",",,,,,278790,103.7843067,1.3173801
EDGEFIELD SECONDARY SCHOOL,36 Punggol Field,828814,36 Punggol Field,1.399882,103.902302,",",,,,,534786,103.8957402,1.3716598
ELIAS PARK PRIMARY SCHOOL,11 PASIR RIS STREET 52,518866,11 PASIR RIS STREET 52,1.374697,103.945633,",",,,,,536451,103.8938822,1.36708755
ENDEAVOUR PRIMARY SCHOOL,10 Admiralty Link,757521,10 Admiralty Link,1.454201,103.817423,",",,,,,659203,103.7435257,1.36313835
EUNOS PRIMARY SCHOOL,95 JALAN EUNOS,419529,95 JALAN EUNOS,1.324223,103.904727,",",,,,,327829,103.8575653,1.3217234
EVERGREEN PRIMARY SCHOOL,31 WOODLANDS CIRCLE,738908,31 WOODLANDS CIRCLE,36.003119,-84.916085,",",,,,,768515,103.8283965,1.4270555
EVERGREEN SECONDARY SCHOOL,11 WOODLANDS STREET 83,738489,11 WOODLANDS STREET 83,1.441283,103.794011,",",,,,,534238,103.8810125,1.37764085
FAIRFIELD METHODIST SCHOOL (PRIMARY),100 DOVER ROAD,139648,100 DOVER ROAD,40.75023,-81.836976,",",,,,,649371,103.7216252,1.3520885
FAIRFIELD METHODIST SCHOOL (SECONDARY),102 Dover Road,139649,102 Dover Road,40.750255,-81.83701,",",,,,,528933,103.9335104,1.3531182
FAJAR SECONDARY SCHOOL,31 GANGSA ROAD,678972,31 GANGSA ROAD,1.375887,103.764493,",",,,,,768857,103.8442643,1.42686205
FARRER PARK PRIMARY SCHOOL,2 FARRER PARK ROAD,217567,2 FARRER PARK ROAD,1.312139,103.850992,",",,,,,737902,103.788303,1.43015655
FENGSHAN PRIMARY SCHOOL,307 BEDOK NORTH ROAD,469680,307 BEDOK NORTH ROAD,1.329819,103.931902,",",,,,,649809,103.713777,1.35135825
FERNVALE PRIMARY SCHOOL,1 Fernvale Lane,797701,1 Fernvale Lane,1.389948,103.873919,",",,,,,569228,103.8520152,1.3722578
FIRST TOA PAYOH PRIMARY SCHOOL,7 LORONG 8 TOA PAYOH,319252,7 LORONG 8 TOA PAYOH,1.340145,103.855651,",",,,,,618652,103.7239742,1.33030995
FIRST TOA PAYOH SECONDARY SCHOOL,580 TOA PAYOH EAST,319133,580 TOA PAYOH EAST,1.333187,103.85864,",",,,,,649037,103.6881849,1.3395511
FRONTIER PRIMARY SCHOOL,20 Jurong West Street 61,648200,20 Jurong West Street 61,1.336581,103.699087,",",,,,,269734,103.8019394,1.3261037
FUCHUN PRIMARY SCHOOL,23 WOODLANDS AVENUE 1,739063,23 WOODLANDS AVENUE 1,1.4302,103.778088,",",,,,,127368,103.7651289,1.3011517
FUCHUN SECONDARY SCHOOL,21 WOODLANDS AVENUE 1,739062,21 WOODLANDS AVENUE 1,1.430948,103.777326,",",,,,,319580,103.8474413,1.33703365
FUHUA PRIMARY SCHOOL,65 JURONG EAST STREET 13,609647,65 JURONG EAST STREET 13,1.336524,103.736118,",",,,,,399772,103.8890361,1.311858
FUHUA SECONDARY SCHOOL,5 JURONG WEST STREET 41,649410,5 JURONG WEST STREET 41,1.346902,103.726756,",",,,,,648348,103.7023951,1.3354553
GAN ENG SENG PRIMARY SCHOOL,100 REDHILL CLOSE,158901,100 REDHILL CLOSE,1.285631,103.815421,",",,,,,579795,103.8547129,1.3508984
GAN ENG SENG SCHOOL,1 HENDERSON ROAD,159561,1 HENDERSON ROAD,32.578057,-91.135805,",",,,,,659762,103.7573862,1.3452693
GEYLANG METHODIST SCHOOL (PRIMARY),4 Geylang East Central,389706,4 Geylang East Central,1.318207,103.88336,",",,,,,519073,103.9575296,1.3664422
GEYLANG METHODIST SCHOOL (SECONDARY),2 GEYLANG EAST CENTRAL,389705,2 GEYLANG EAST CENTRAL,1.318124,103.8829,",",,,,,689189,103.7471682,1.39393565
GONGSHANG PRIMARY SCHOOL,1 TAMPINES STREET 42,529176,1 TAMPINES STREET 42,1.357339,103.948893,",",,,,,379499,103.8882297,1.3265954
GREENDALE PRIMARY SCHOOL,50 Edgedale Plains,828848,50 Edgedale Plains,1.396421,103.912588,",",,,,,689333,103.7411421,1.3905053
GREENDALE SECONDARY SCHOOL,51 Edgedale Plains,828866,51 Edgedale Plains,1.396986,103.911718,",",,,,,519419,103.9568199,1.3719646
GREENRIDGE PRIMARY SCHOOL,11 JELAPANG ROAD,677744,11 JELAPANG ROAD,1.386135,103.76779,",",,,,,569341,103.8403093,1.36885525
GREENRIDGE SECONDARY SCHOOL,32 BUKIT PANJANG RING ROAD,679938,32 BUKIT PANJANG RING ROAD,1.38206,103.773836,",",,,,,297754,103.839888,1.3405501
GREENVIEW SECONDARY SCHOOL,15 PASIR RIS STREET 21,518969,15 PASIR RIS STREET 21,1.369233,103.962377,",",,,,,738927,103.7733846,1.4341551
GREENWOOD PRIMARY SCHOOL,11 WOODLANDS DR 62,737942,11 WOODLANDS DR 62,1.43985,103.804609,",",,,,,368051,6.1459345,46.8404602
GRIFFITHS PRIMARY SCHOOL,3 TAMPINES STREET 22,529366,3 TAMPINES STREET 22,1.348251,103.951859,",",,,,,739110,103.7787634,1.4406608
GUANGYANG PRIMARY SCHOOL,6 Bishan Street 12,579806,6 Bishan Street 12,1.346017,103.849681,",",,,,,569878,103.8432421,1.3766642
GUANGYANG SECONDARY SCHOOL,8 Bishan Street 12,579807,8 Bishan Street 12,1.344693,103.850566,",",,,,,518798,103.935208,1.3760329
HAI SING CATHOLIC SCHOOL,9 PASIR RIS DRIVE 6,519421,9 PASIR RIS DRIVE 6,1.374513,103.954463,",",,,,,518799,103.9379036,1.37620765
HAIG GIRLS' SCHOOL,51 KOON SENG ROAD,427072,51 KOON SENG ROAD,1.311559,103.902625,",",,,,,828867,103.9094782,1.39324495
HENDERSON SECONDARY SCHOOL,100 HENDERSON RD,159544,100 HENDERSON RD,39.111918,-75.7496,",",,,,,658965,103.741236,1.35066225
HENRY PARK PRIMARY SCHOOL,1 HOLLAND GROVE ROAD,278790,1 HOLLAND GROVE ROAD,1.316871,103.784132,",",,,,,538786,103.8859564,1.3720981
HILLGROVE SECONDARY SCHOOL,10 BUKIT BATOK STREET 52,659250,10 BUKIT BATOK STREET 52,1.352752,103.753048,",",,,,,599986,103.7828083,1.3329139
HOLY INNOCENTS' HIGH SCHOOL,1191 UPPER SERANGOON ROAD,534786,1191 UPPER SERANGOON ROAD,1.371204,103.896018,",",,,,,599986,103.7828083,1.3329139
HOLY INNOCENTS' PRIMARY SCHOOL,5 LORONG LOW KOON ,536451,5 LORONG LOW KOON,1.366573,103.893711,",",,,,,545080,103.8910347,1.39202845
HONG KAH PRIMARY SCHOOL,1 BUKIT BATOK WEST AVENUE 2,659203,1 BUKIT BATOK WEST AVENUE 2,1.363018,103.743733,",",,,,,129956,103.7690994,1.3083036
HONG KAH SECONDARY SCHOOL,931 JURONG WEST STREET 42,649370,931 JURONG WEST STREET 42,1.351759,103.726968,",",,,,,538785,103.8886801,1.37383325
HONG WEN SCHOOL,30 TOWNER ROAD,327829,30 TOWNER ROAD,41.644743,-74.644449,",",,,,,128806,103.7616253,1.31981545
HORIZON PRIMARY SCHOOL,61 Edgedale Plains,828819,61 Edgedale Plains,1.400025,103.913058,",",,,,,769028,103.838461,1.4165306
HOUGANG PRIMARY SCHOOL,1 HOUGANG ST 93,534238,1 HOUGANG ST 93,1.37734,103.881046,",",,,,,288683,103.802324,1.33050835
HOUGANG SECONDARY SCHOOL,2 HOUGANG STREET 93,534256,2 HOUGANG STREET 93,1.377661,103.88253,",",,,,,268097,103.8079641,1.3204049
HUA YI SECONDARY SCHOOL,60 JURONG WEST ST 42,649371,60 JURONG WEST ST 42,1.351473,103.72158,",",,,,,768689,103.830995,1.419211
HUAMIN PRIMARY SCHOOL,21 YISHUN AVENUE 11,768857,21 YISHUN AVENUE 11,1.426943,103.843853,",",,,,,288913,-87.5254379,33.187168
HWA CHONG INSTITUTION,661 Bukit Timah Road,269734,661 Bukit Timah Road,1.324644,103.8059,",",,,,,139657,103.7736014,1.30988355
INNOVA JUNIOR COLLEGE,21 Champions Way,737902,21 Champions Way,40.242669,-74.374994,",",,,,,449149,103.9179101,1.30554495
INNOVA PRIMARY SCHOOL,80 Woodlands Drive 17,737888,80 Woodlands Drive 17,1.428957,103.790631,",",,,,,529283,103.9566662,1.3543109
JIEMIN PRIMARY SCHOOL,2 YISHUN STREET 71,768515,2 YISHUN STREET 71,1.427671,103.830498,",",,,,,768680,103.8442362,1.42776895
JING SHAN PRIMARY SCHOOL,5 ANG MO KIO ST 52,569228,5 ANG MO KIO ST 52,1.371479,103.851863,",",,,,,768578,103.840749,1.43579135
JUNYUAN PRIMARY SCHOOL,2 Tampines Street 91,528906,2 Tampines Street 91,1.347973,103.940012,",",,,,,544974,103.8959746,1.38283675
JUNYUAN SECONDARY SCHOOL,11 TAMPINES STREET 84,528933,11 TAMPINES STREET 84,1.353327,103.933573,",",,,,,768692,103.8447792,1.4212669
JURONG JUNIOR COLLEGE,800 CORPORATION ROAD,649809,800 CORPORATION ROAD,1.350886,103.713267,",",,,,,757622,103.813541,1.45694685
JURONG PRIMARY SCHOOL,320 JURONG EAST Street 32,609476,320 JURONG EAST Street 32,1.348679,103.732992,",",,,,,545081,103.8987862,1.3816673
JURONG SECONDARY SCHOOL,31 YUAN CHING ROAD,618652,31 YUAN CHING ROAD,1.330365,103.724282,",",,,,,769026,103.8405929,1.421194
JURONG WEST PRIMARY SCHOOL,30 JURONG WEST ST 61,648368,30 JURONG WEST ST 61,1.339037,103.698854,",",,,,,458436,103.9240813,1.3197569
JURONG WEST SECONDARY SCHOOL,61 JURONG WEST STREET 65,648348,61 JURONG WEST STREET 65,1.335276,103.702086,",",,,,,544822,103.8911786,1.38409165
JURONGVILLE SECONDARY SCHOOL,202 JURONG EAST AVENUE 1,609790,202 JURONG EAST AVENUE 1,1.351493,103.729161,",",,,,,768454,103.8381029,1.41577495
JUYING PRIMARY SCHOOL,31 JURONG WEST STREET 91,649037,31 JURONG WEST STREET 91,1.33837,103.688061,",",,,,,536741,103.8849238,1.34993195
JUYING SECONDARY SCHOOL,33 JURONG WEST STREET 91,649038,33 JURONG WEST STREET 91,1.338205,103.687205,",",,,,,519524,103.9392785,1.3776222
KEMING PRIMARY SCHOOL,90 BUKIT BATOK EAST AVENUE 6,659762,90 BUKIT BATOK EAST AVENUE 6,1.344811,103.756519,",",,,,,518968,103.9630263,1.37215285
KENT RIDGE SECONDARY SCHOOL,147 WEST COAST ROAD,127368,147 WEST COAST ROAD,1.301947,103.765404,",",,,,,518934,103.9597766,1.3726966
KHENG CHENG SCHOOL,15 LORONG 3 TOA PAYOH,319580,15 LORONG 3 TOA PAYOH,1.337666,103.847796,",",,,,,529400,103.9485272,1.35470585
KONG HWA SCHOOL,350 GUILLEMARD ROAD,399772,350 GUILLEMARD ROAD,1.311292,103.888386,",",,,,,556094,103.8706327,1.3589959
KRANJI PRIMARY SCHOOL,11 CHOA CHU KANG STREET 54,689189,11 CHOA CHU KANG STREET 54,1.393694,103.747785,",",,,,,597610,103.7762188,1.3380993
KRANJI SECONDARY SCHOOL,61 CHOA CHU KANG STREET 51,689333,61 CHOA CHU KANG STREET 51,1.390468,103.741661,",",,,,,797702,103.878152,1.39088135
KUO CHUAN PRESBYTERIAN PRIMARY SCHOOL,2 ANG MO KIO STREET 23,569341,2 ANG MO KIO STREET 23,1.368269,103.840314,",",,,,,129857,103.7677307,1.3160644
KUO CHUAN PRESBYTERIAN SECONDARY SCHOOL,10 Bishan St. 13,579795,10 Bishan St. 13,1.350135,103.854907,",",,,,,575566,103.8295394,1.36648005
LAKESIDE PRIMARY SCHOOL,161 Corporation Walk,618310,161 Corporation Walk,1.338216,103.717603,",",,,,,168622,103.8371267,1.28627625
LIANHUA PRIMARY SCHOOL,2 BUKIT BATOK STREET 52,659243,2 BUKIT BATOK STREET 52,1.354143,103.754202,",",,,,,569845,103.8429222,1.3827639
LOYANG PRIMARY SCHOOL,3 PASIR RIS DRIVE 6,519419,3 PASIR RIS DRIVE 6,1.370648,103.955936,",",,,,,468980,103.9209895,1.3269904
LOYANG SECONDARY SCHOOL,12 PASIR RIS STREET 11,519073,12 PASIR RIS STREET 11,1.366972,103.956826,",",,,,,649076,103.6948087,1.3489146
MACPHERSON PRIMARY SCHOOL,2 MATTAR ROAD,387724,2 MATTAR ROAD,1.324557,103.881618,",",,,,,649075,103.6951478,1.3478375
MACPHERSON SECONDARY SCHOOL,121 CIRCUIT ROAD,379499,121 CIRCUIT ROAD,43.693493,-71.05462,",",,,,,828845,103.9052782,1.4053286
MAHA BODHI SCHOOL,10 UBI AVENUE 1,408931,10 UBI AVENUE 1,1.328994,103.901361,",",,,,,659163,103.7409577,1.34921465
MANJUSRI SECONDARY SCHOOL,20 Ubi Ave 1,408940,20 Ubi Ave 1,1.327216,103.901815,",",,,,,828772,103.897542,1.4012597
MARIS STELLA HIGH SCHOOL,25 MOUNT VERNON ROAD,368051,25 MOUNT VERNON ROAD,37.78313,-87.92629,",",,,,,828870,103.9090638,1.4022783
MARSILING PRIMARY SCHOOL,31 WOODLANDS CENTRE ROAD,738927,31 WOODLANDS CENTRE ROAD,1.433827,103.773663,",",,,,,538787,103.8947545,1.37813115
MARSILING SECONDARY SCHOOL,12 MARSILING ROAD,739110,12 MARSILING ROAD,1.436626,103.775983,",",,,,,128104,103.756965,1.31280555
MARYMOUNT CONVENT SCHOOL,20 MARYMOUNT ROAD,297754,20 MARYMOUNT ROAD,1.340439,103.839646,",",,,,,529454,103.9483795,1.3490684
MAYFLOWER PRIMARY SCHOOL,200 ANG MO KIO AVE 5,569878,200 ANG MO KIO AVE 5,1.376395,103.843181,",",,,,,738525,103.7883337,1.4420502
MAYFLOWER SECONDARY SCHOOL,2 ANG MO KIO Street 21,569384,2 ANG MO KIO Street 21,1.368331,103.835438,",",,,,,149303,103.8078533,1.296034
MEE TOH SCHOOL,21 EDGEDALE PLAINS,828867,21 EDGEDALE PLAINS,1.394828,103.90904,",",,,,,149295,103.8019077,1.3004452
MERIDIAN JUNIOR COLLEGE,21 Pasir Ris Street 71,518799,21 Pasir Ris Street 71,1.376058,103.937004,",",,,,,148800,103.8132112,1.2939291
MERIDIAN PRIMARY SCHOOL,20 PASIR RIS ST 71,518798,20 PASIR RIS ST 71,1.375781,103.935197,",",,,,,259978,103.8304131,1.3125218
METHODIST GIRLS' SCHOOL (PRIMARY),11 Blackmore Drive,599986,11 Blackmore Drive,1.332954,103.782566,",",,,,,289072,18.7388414,-33.9905569
METHODIST GIRLS' SCHOOL (SECONDARY),11 BLACKMORE DRIVE,599986,11 BLACKMORE DRIVE,1.332954,103.782566,",",,,,,469719,103.9346186,1.3336412
MILLENNIA INSTITUTE,60 Bukit Batok West Avenue 8,658965,60 Bukit Batok West Avenue 8,1.350343,103.741592,",",,,,,738524,103.7883952,1.44058925
MONTFORT JUNIOR SCHOOL,52 HOUGANG AVENUE 8,538786,52 HOUGANG AVENUE 8,1.373864,103.889614,",",,,,,545092,103.9046075,1.39365955
MONTFORT SECONDARY SCHOOL,50 HOUGANG AVENUE 8,538785,50 HOUGANG AVENUE 8,1.373518,103.888992,",",,,,,689621,103.7510224,1.3934122
NAN CHIAU HIGH SCHOOL,20 ANCHORVALE LINK,545079,20 ANCHORVALE LINK,1.388713,103.890283,",",,,,,737803,103.800972,1.4475109
NAN CHIAU PRIMARY SCHOOL,50 ANCHORVALE LINK,545080,50 ANCHORVALE LINK,1.391841,103.890834,",",,,,,237993,103.8344378,1.29647805
NAN HUA HIGH SCHOOL,41 CLEMENTI AVENUE 1,129956,41 CLEMENTI AVENUE 1,1.30807,103.769189,",",,,,,649961,103.7131326,1.3502023
NAN HUA PRIMARY SCHOOL,30 JALAN LEMPENG,128806,30 JALAN LEMPENG,1.319799,103.761213,",",,,,,555855,103.8745282,1.37276625
NANYANG GIRLS' HIGH SCHOOL,2 LINDEN DRIVE,288683,2 LINDEN DRIVE,39.428403,-79.002599,",",,,,,649295,103.718726,1.3466077
NANYANG JUNIOR COLLEGE,128 SERANGOON AVENUE 3,556111,128 SERANGOON AVENUE 3,1.350297,103.866494,",",,,,,555889,103.8691357,1.37078955
NANYANG PRIMARY SCHOOL,52 KING'S ROAD,268097,52 KING'S ROAD,40.744016,-74.394726,",",,,,,757715,103.8208904,1.4452989
NATIONAL JUNIOR COLLEGE,37 HILLCREST ROAD,288913,37 HILLCREST ROAD,30.689336,-88.190632,",",,,,,757704,103.8166628,1.44565285
NAVAL BASE PRIMARY SCHOOL,7 YISHUN AVE 4,769028,7 YISHUN AVE 4,1.416055,103.839091,",",,,,,545166,103.8996119,1.38912885
NAVAL BASE SECONDARY SCHOOL,901 YISHUN RING ROAD,768689,901 YISHUN RING ROAD,1.41924,103.831032,",",,,,,609604,103.7395649,1.340467
NEW TOWN PRIMARY SCHOOL,300 Tanglin Halt Road,148812,300 Tanglin Halt Road,1.299825,103.799953,",",,,,,797636,103.8747641,1.39311055
NEW TOWN SECONDARY SCHOOL,1020 Dover Road,139657,1020 Dover Road,36.5518,-87.447616,",",,,,,739148,103.7751505,1.4441181
NGEE ANN PRIMARY SCHOOL,344 MARINE TERRACE,449149,344 MARINE TERRACE,1.305526,103.917371,",",,,,,545090,103.8987063,1.3865332
NGEE ANN SECONDARY SCHOOL,1 TAMPINES STREET 32,529283,1 TAMPINES STREET 32,1.354061,103.956972,",",,,,,534768,103.8877047,1.364905
NORTH SPRING PRIMARY SCHOOL,1 RIVERVALE STREET,545088,1 RIVERVALE STREET,1.386881,103.903609,",",,,,,534237,103.902063,1.3749396
NORTH VIEW PRIMARY SCHOOL,210 YISHUN AVENUE 6,768960,210 YISHUN AVENUE 6,1.427616,103.848313,",",,,,,649332,103.7215907,1.3471254
NORTH VIEW SECONDARY SCHOOL,530 YISHUN RING ROAD,768680,530 YISHUN RING ROAD,1.427923,103.844727,",",,,,,519385,103.9393769,1.37991245
NORTH VISTA PRIMARY SCHOOL,20 Compassvale Link,544974,20 Compassvale Link,1.382913,103.89588,",",,,,,309437,103.8267162,1.3205626
NORTH VISTA SECONDARY SCHOOL,11 RIVERVALE LINK,545081,11 RIVERVALE LINK,1.380997,103.899464,",",,,,,739067,103.7877379,1.4322157
NORTHBROOKS SECONDARY SCHOOL,585 YISHUN RING ROAD,768692,585 YISHUN RING ROAD,1.421082,103.845179,",",,,,,309437,103.8267162,1.3205626
NORTHLAND PRIMARY SCHOOL,15 YISHUN AVENUE 4,769026,15 YISHUN AVENUE 4,1.420935,103.840768,",",,,,,737758,103.8043893,1.4366363
NORTHLAND SECONDARY SCHOOL,3 YISHUN STREET 22,768578,3 YISHUN STREET 22,1.435827,103.840098,",",,,,,529593,103.9299902,1.35001895
NORTHLIGHT SCHOOL,2 Dunman Road Campus 1,439188,2 Dunman Road Campus 1,,,",",,,,,689762,103.7445157,1.3829191
NORTHOAKS PRIMARY SCHOOL,61 Sembawang Drive,757622,61 Sembawang Drive,1.456638,103.813826,",",,,,,469700,103.94236,1.3350627
NUS HIGH SCHOOL OF MATHEMATICS AND SCIENCE,20 Clementi Avenue 1,129957,20 Clementi Avenue 1,1.307227,103.769412,",",,,,,609560,103.7441449,1.3433364
OPERA ESTATE PRIMARY SCHOOL,48 FIDELIO STREET,458436,48 FIDELIO STREET,1.319773,103.923725,",",,,,,556140,103.875474,1.34657755
ORCHID PARK SECONDARY SCHOOL,10 YISHUN STREET 81,768454,10 YISHUN STREET 81,1.414902,103.83835,",",,,,,467353,103.9404389,1.3253834
OUTRAM SECONDARY SCHOOL,3 YORK HILL,168622,3 YORK HILL,39.970103,-76.699873,",",,,,,429058,103.9169663,1.308666
PALM VIEW PRIMARY SCHOOL,150 Compassvale Bow,544822,150 Compassvale Bow,1.383744,103.890528,",",,,,,455789,103.9182735,1.318257
PARK VIEW PRIMARY SCHOOL,60 PASIR RIS DRIVE 1,519524,60 PASIR RIS DRIVE 1,1.377331,103.939371,",",,,,,528986,103.9370076,1.3501232
PASIR RIS CREST SECONDARY SCHOOL,11 PASIR RIS STREET 41,518934,11 PASIR RIS STREET 41,1.372403,103.959386,",",,,,,309331,103.8462773,1.31754425
PASIR RIS PRIMARY SCHOOL,5 PASIR RIS STREET 21,518968,5 PASIR RIS STREET 21,1.372305,103.962479,",",,,,,228091,103.8462388,1.3036569
PASIR RIS SECONDARY SCHOOL,390 Tampines Street 21,529400,390 Tampines Street 21,1.354805,103.948043,",",,,,,659322,103.7504348,1.36451995
PAYA LEBAR METHODIST GIRLS' SCHOOL (PRIMARY),298 LORONG AH SOO,536741,298 LORONG AH SOO,1.351003,103.884813,",",,,,,198423,103.857301,1.3038409
PAYA LEBAR METHODIST GIRLS' SCHOOL (SECONDARY),296 Lor Ah Soo,536742,296 Lor Ah Soo,1.350731,103.885565,",",,,,,259240,103.8127322,1.3213339
PEI CHUN PUBLIC SCHOOL,16 TOA PAYOH LORONG 7,319320,16 TOA PAYOH LORONG 7,1.337371,103.85482,",",,,,,529564,103.9569093,1.3575359
PEI HWA PRESBYTERIAN PRIMARY SCHOOL,7 PEI WAH AVENUE,597610,7 PEI WAH AVENUE,1.338081,103.77613,",",,,,,529565,103.9491249,1.3605469
PEI HWA SECONDARY SCHOOL,21 Fernvale Link,797702,21 Fernvale Link,1.390273,103.878474,",",,,,,437259,103.9004436,1.3053161
PEI TONG PRIMARY SCHOOL,15 CLEMENTI AVENUE 5,129857,15 CLEMENTI AVENUE 5,1.315889,103.767747,",",,,,,127391,103.7580435,1.30983385
PEICAI SECONDARY SCHOOL,10 SERANGOON AVENUE 4,556094,10 SERANGOON AVENUE 4,1.3587,103.870667,",",,,,,469268,103.9265955,1.3222667
PEIRCE SECONDARY SCHOOL,10 SIN MING WALK,575566,10 SIN MING WALK,1.36613,103.829903,",",,,,,429401,-0.2007754,43.3433995
PEIYING PRIMARY SCHOOL,651 YISHUN RING ROAD,768687,651 YISHUN RING ROAD,1.417009,103.830256,",",,,,,469278,103.9351096,1.3186533
PING YI SECONDARY SCHOOL,61 Chai Chee Street,468980,61 Chai Chee Street,1.326674,103.920663,",",,,,,688261,103.7540079,1.3822744
PIONEER JUNIOR COLLEGE,21 Teck Whye Walk,688258,21 Teck Whye Walk,1.384627,103.753951,",",,,,,569299,103.8509256,1.36536405
PIONEER PRIMARY SCHOOL,23 JURONG WEST STREET 81,649076,23 JURONG WEST STREET 81,1.348486,103.694609,",",,,,,689143,103.7460308,1.39972215
PIONEER SECONDARY SCHOOL,21 JURONG WEST STREET 81,649075,21 JURONG WEST STREET 81,1.347267,103.694569,",",,,,,449035,103.9198444,1.3061913
POI CHING SCHOOL,21 TAMPINES STREET 71,529067,21 TAMPINES STREET 71,1.3582,103.935299,",",,,,,438796,103.8973455,1.308322
PRESBYTERIAN HIGH SCHOOL,5209 ANG MO KIO AVENUE 6,569845,5209 ANG MO KIO AVENUE 6,1.382254,103.8431,",",,,,,649223,103.6989833,1.34468085
PRINCESS ELIZABETH PRIMARY SCHOOL,30 BUKIT BATOK WEST AVENUE 3,659163,30 BUKIT BATOK WEST AVENUE 3,1.349481,103.74102,",",,,,,679946,103.7662281,1.3896262
PUNGGOL GREEN PRIMARY SCHOOL,98 Punggol Walk,828772,98 Punggol Walk,1.398247,103.917581,",",,,,,677737,103.7601435,1.3884211
PUNGGOL PRIMARY SCHOOL,61 HOUGANG AVENUE 8,538787,61 HOUGANG AVENUE 8,1.37819,103.894746,",",,,,,649188,103.700513,1.34744235
PUNGGOL SECONDARY SCHOOL,51 EDGEFIELD PLAINS,828870,51 EDGEFIELD PLAINS,1.402069,103.909443,",",,,,,648350,103.7017636,1.3535768
PUNGGOL VIEW PRIMARY SCHOOL,9 Punggol Place,828845,9 Punggol Place,1.405296,103.90518,",",,,,,448880,103.9274578,1.30854205
QIAONAN PRIMARY SCHOOL,15 TAMPINES STREET 11,529454,15 TAMPINES STREET 11,1.346217,103.949144,",",,,,,569730,103.8538346,1.3583892
QIFA PRIMARY SCHOOL,50 WEST COAST AVENUE,128104,50 WEST COAST AVENUE,1.312805,103.757141,",",,,,,757702,103.8224126,1.45213625
QIHUA PRIMARY SCHOOL,5 WOODLANDS STREET 81,738525,5 WOODLANDS STREET 81,1.442105,103.788557,",",,,,,738990,103.7965806,1.42830325
QUEENSTOWN PRIMARY SCHOOL,310 MARGARET DR,149303,310 MARGARET DR,38.803366,-120.142367,",",,,,,465561,103.9478533,1.3163473
QUEENSTOWN SECONDARY SCHOOL,1 STRATHMORE ROAD,148800,1 STRATHMORE ROAD,42.336235,-71.145051,",",,,,,738079,103.7903379,1.43319325
QUEENSWAY SECONDARY SCHOOL,2A MARGARET DRIVE,149295,2A MARGARET DRIVE,32.579438,-93.863828,",",,,,,738239,103.800325,1.435801
RADIN MAS PRIMARY SCHOOL,1 BUKIT PURMEI AVENUE,99840,1 BUKIT PURMEI AVENUE,1.274536,103.82431,",",,,,,739111,103.774404,1.43952995
RAFFLES GIRLS' PRIMARY SCHOOL,21 HILLCREST ROAD,289072,21 HILLCREST ROAD,30.689746,-88.19063,",",,,,,519075,103.9612546,1.36547295
RAFFLES GIRLS' SCHOOL (SECONDARY),20 ANDERSON ROAD ,259978,20 ANDERSON ROAD,42.905143,-78.771551,",",,,,,738853,103.7917017,1.4366976
RAFFLES INSTITUTION,1 RAFFLES INSTITUTION LANE,575954,1 RAFFLES INSTITUTION LANE,1.345712,103.845871,",",,,,,579747,103.8425576,1.35567945
RED SWASTIKA SCHOOL,350 BEDOK NORTH AVENUE 3,469719,350 BEDOK NORTH AVENUE 3,1.333361,103.934605,",",,,,,738240,103.7976997,1.4377785
REGENT SECONDARY SCHOOL,50 CHOA CHU KANG NORTH 5,689621,50 CHOA CHU KANG NORTH 5,1.393079,103.750966,",",,,,,538784,103.8830863,1.3713546
RIVER VALLEY HIGH SCHOOL,6 Boon Lay Avenue,649961,6 Boon Lay Avenue,1.343172,103.70949,",",,,,,538882,103.890515,1.3580028
RIVER VALLEY PRIMARY SCHOOL,2 RIVER VALLEY GREEN,237993,2 RIVER VALLEY GREEN,40.135317,-76.749383,",",,,,,538720,103.8854181,1.3778329
RIVERSIDE PRIMARY SCHOOL,110 Woodlands Crescent,737803,110 Woodlands Crescent,49.875856,-97.281383,",",,,,,569868,103.8421304,1.3782302
RIVERSIDE SECONDARY SCHOOL,3 Woodlands Street 81,738524,3 Woodlands Street 81,1.44088,103.788728,",",,,,,538789,103.8859564,1.3720981
RIVERVALE PRIMARY SCHOOL,80 RIVERVALE DRIVE,545092,80 RIVERVALE DRIVE,1.393196,103.904383,",",,,,,768516,103.8290005,1.42796
ROSYTH SCHOOL,21 Serangoon North Avenue 4,555855,21 Serangoon North Avenue 4,1.372862,103.874791,",",,,,,677742,103.7600542,1.383489
RULANG PRIMARY SCHOOL,6 JURONG WEST STREET 52,649295,6 JURONG WEST STREET 52,1.346187,103.718911,",",,,,,768675,103.8305057,1.42449365
"SCHOOL OF SCIENCE AND TECHNOLOGY, SINGAPORE",1 Technology Drive,138572,1 Technology Drive,36.349632,-94.085338,",",,,,,619522,103.7099676,1.3415212
"SCHOOL OF THE ARTS, SINGAPORE",01 05 1 Zubir Said Drive Admin Office,227968,01 05 1 Zubir Said Drive Admin Office,,,",",,,,,689100,103.7511092,1.3969525
SEMBAWANG PRIMARY SCHOOL,10 SEMBAWANG DRIVE,757715,10 SEMBAWANG DRIVE,1.44497,103.820734,",",,,,,609558,103.7409217,1.3428913
SEMBAWANG SECONDARY SCHOOL,30 SEMBAWANG CRESCENT,757704,30 SEMBAWANG CRESCENT,1.445241,103.816996,",",,,,,679002,103.7696765,1.37942415
SENG KANG PRIMARY SCHOOL,21 COMPASSVALE WALK,545166,21 COMPASSVALE WALK,1.389086,103.899471,",",,,,,529393,103.9508735,1.3512643
SENG KANG SECONDARY SCHOOL,10 COMPASSVALE LANE,545090,10 COMPASSVALE LANE,1.385933,103.898397,",",,,,,658712,103.760015,1.3426926
SENGKANG GREEN PRIMARY SCHOOL,15 Fernvale Road,797636,15 Fernvale Road,1.392548,103.87539,",",,,,,538884,103.890709,1.35709395
SERANGOON GARDEN SECONDARY SCHOOL,21 SERANGOON NORTH AVENUE 1,555889,21 SERANGOON NORTH AVENUE 1,1.36967,103.868983,",",,,,,556095,103.8697765,1.3599188
SERANGOON JUNIOR COLLEGE,1033 UPPER SERANGOON ROAD,534768,1033 UPPER SERANGOON ROAD,1.365172,103.886996,",",,,,,677741,103.7651766,1.3888488
SERANGOON SECONDARY SCHOOL,11 UPPER SERANGOON VIEW,534237,11 UPPER SERANGOON VIEW,1.374435,103.902512,",",,,,,,,
SHUQUN PRIMARY SCHOOL,8 JURONG WEST STREET 51,649332,8 JURONG WEST STREET 51,1.347595,103.721578,",",,,,,,,
SHUQUN SECONDARY SCHOOL,450 JURONG EAST STREET 21,609604,450 JURONG EAST STREET 21,1.340338,103.739469,",",,,,,,,
SI LING PRIMARY SCHOOL,61 WOODLANDS AVENUE 1,739067,61 WOODLANDS AVENUE 1,1.432693,103.78577,",",,,,,,,
SI LING SECONDARY SCHOOL,11 MARSILING LANE,739148,11 MARSILING LANE,1.444732,103.775019,",",,,,,,,
SIGLAP SECONDARY SCHOOL,10 PASIR RIS DRIVE 10,519385,10 PASIR RIS DRIVE 10,1.37916,103.939304,",",,,,,,,
SINGAPORE CHINESE GIRLS' PRIMARY SCHOOL,190 DUNEARN ROAD,309437,190 DUNEARN ROAD,1.321253,103.828017,",",,,,,,,
SINGAPORE CHINESE GIRLS' SCHOOL,190 DUNEARN ROAD,309437,190 DUNEARN ROAD,1.321253,103.828017,",",,,,,,,
SINGAPORE SPORTS SCHOOL,1 Champions Way,737913,1 Champions Way,40.24542,-74.369667,",",,,,,,,
SOUTH VIEW PRIMARY SCHOOL,6 CHOA CHU KANG CENTRAL,689762,6 CHOA CHU KANG CENTRAL,1.381324,103.747145,",",,,,,,,
SPECTRA SECONDARY SCHOOL,1 Woodlands Drive 64,737758,1 Woodlands Drive 64,1.436958,103.805405,",",,,,,,,
SPRINGDALE PRIMARY SCHOOL,71 Anchorvale Link,544799,71 Anchorvale Link,1.395225,103.890476,",",,,,,,,
SPRINGFIELD SECONDARY SCHOOL,30 TAMPINES AVENUE 8,529593,30 TAMPINES AVENUE 8,1.349409,103.929982,",",,,,,,,
ST. ANDREW'S JUNIOR COLLEGE,5 Sorby Adams Drive,357691,5 Sorby Adams Drive,,,",",,,,,,,
ST. ANDREW'S JUNIOR SCHOOL,2 FRANCIS THOMAS DRIVE,359337,2 FRANCIS THOMAS DRIVE,1.331468,103.865209,",",,,,,,,
ST. ANDREW'S SECONDARY SCHOOL,15 Francis Thomas Drive,359342,15 Francis Thomas Drive,1.331368,103.865853,",",,,,,,,
ST. ANTHONY'S CANOSSIAN PRIMARY SCHOOL,1602 BEDOK NORTH AVE 4,469701,1602 BEDOK NORTH AVE 4,1.334282,103.941072,",",,,,,,,
ST. ANTHONY'S CANOSSIAN SECONDARY SCHOOL,1600 Bedok North Avenue 4,469700,1600 Bedok North Avenue 4,1.335791,103.942873,",",,,,,,,
ST. ANTHONY'S PRIMARY SCHOOL,571 Jurong East Street 24,609560,571 Jurong East Street 24,1.343448,103.744005,",",,,,,,,
ST. GABRIEL'S PRIMARY SCHOOL,220 Lorong Chuan,556742,220 Lorong Chuan,1.349363,103.862358,",",,,,,,,
ST. GABRIEL'S SECONDARY SCHOOL,24 SERANGOON AVENUE 1,556140,24 SERANGOON AVENUE 1,1.346401,103.875825,",",,,,,,,
ST. HILDA'S PRIMARY SCHOOL,860 NEW UPPER CHANGI ROAD,467353,860 NEW UPPER CHANGI ROAD,1.32465,103.938581,",",,,,,,,
ST. HILDA'S SECONDARY SCHOOL,2 TAMPINES STREET 82,528986,2 TAMPINES STREET 82,1.350082,103.936638,",",,,,,,,
ST. JOSEPH'S INSTITUTION,38 MALCOLM ROAD,308274,38 MALCOLM ROAD,31.639195,-90.204553,",",,,,,,,
ST. JOSEPH'S INSTITUTION JUNIOR,3 ESSEX ROAD,309331,3 ESSEX ROAD,39.335506,-76.734695,",",,,,,,,
ST. MARGARET'S PRIMARY SCHOOL,99 WILKIE ROAD,228091,99 WILKIE ROAD,38.560324,-81.854415,",",,,,,,,
ST. MARGARET'S SECONDARY SCHOOL,111 FARRER ROAD,259240,111 FARRER ROAD,1.319577,103.809597,",",,,,,,,
ST. PATRICK'S SCHOOL,490 EAST COAST ROAD,429058,490 EAST COAST ROAD,1.30923,103.916644,",",,,,,,,
ST. STEPHEN'S SCHOOL,20 SIGLAP VIEW,455789,20 SIGLAP VIEW,1.319006,103.917604,",",,,,,,,
STAMFORD PRIMARY SCHOOL,1 VICTORIA LANE,198423,1 VICTORIA LANE,38.918973,-76.630259,",",,,,,,,
SWISS COTTAGE SECONDARY SCHOOL,3 BUKIT BATOK STREET 34,659322,3 BUKIT BATOK STREET 34,1.364045,103.750416,",",,,,,,,
TAMPINES JUNIOR COLLEGE,2 TAMPINES AVENUE 9,529564,2 TAMPINES AVENUE 9,1.357607,103.955857,",",,,,,,,
TAMPINES NORTH PRIMARY SCHOOL,30 TAMPINES AVENUE 9,529565,30 TAMPINES AVENUE 9,1.360298,103.948581,",",,,,,,,
TAMPINES PRIMARY SCHOOL,250 TAMPINES STREET 12,529426,250 TAMPINES STREET 12,1.349774,103.94402,",",,,,,,,
TAMPINES SECONDARY SCHOOL,252 TAMPINES ST 12,529427,252 TAMPINES ST 12,1.348712,103.944485,",",,,,,,,
TANGLIN SECONDARY SCHOOL,301 WEST COAST ROAD,127391,301 WEST COAST ROAD,40.115479,-123.814055,",",,,,,,,
TANJONG KATONG GIRLS' SCHOOL,20 DUNMAN LANE,439272,20 DUNMAN LANE,1.308631,103.895897,",",,,,,,,
TANJONG KATONG PRIMARY SCHOOL,10 SERAYA ROAD,437259,10 SERAYA ROAD,1.305412,103.900309,",",,,,,,,
TANJONG KATONG SECONDARY SCHOOL,130 HAIG ROAD,438796,130 HAIG ROAD,40.648778,-73.694272,",",,,,,,,
TAO NAN SCHOOL,2 BEDOK SOUTH ROAD,469268,2 BEDOK SOUTH ROAD,1.321696,103.927458,",",,,,,,,
TECK GHEE PRIMARY SCHOOL,1 ANG MO KIO STREET 32,569299,1 ANG MO KIO STREET 32,1.365396,103.850524,",",,,,,,,
TECK WHYE PRIMARY SCHOOL,11 TECK WHYE WALK,688261,11 TECK WHYE WALK,1.383126,103.753548,",",,,,,,,
TECK WHYE SECONDARY SCHOOL,31 TECK WHYE CRESCENT ,688848,31 TECK WHYE CRESCENT,1.382536,103.755214,",",,,,,,,
TELOK KURAU PRIMARY SCHOOL,50 BEDOK RESERVOIR RD,479239,50 BEDOK RESERVOIR RD,1.331377,103.911059,",",,,,,,,
TELOK KURAU SECONDARY SCHOOL,3 CHIN CHENG AVENUE,429401,3 CHIN CHENG AVENUE,1.316641,103.906854,",",,,,,,,
TEMASEK JUNIOR COLLEGE,22 BEDOK SOUTH ROAD,469278,22 BEDOK SOUTH ROAD,1.318925,103.935562,",",,,,,,,
TEMASEK PRIMARY SCHOOL,501 BEDOK SOUTH AVE 3,469300,501 BEDOK SOUTH AVE 3,1.317502,103.945488,",",,,,,,,
TEMASEK SECONDARY SCHOOL,600 UPPER EAST COAST ROAD,465561,600 UPPER EAST COAST ROAD,1.315759,103.947167,",",,,,,,,
TOWNSVILLE PRIMARY SCHOOL,3 ANG MO KIO AVE 10,569730,3 ANG MO KIO AVE 10,1.359123,103.854452,",",,,,,,,
UNITY PRIMARY SCHOOL,21 CHOA CHU KANG CRESCENT,688268,21 CHOA CHU KANG CRESCENT,1.403245,103.74729,",",,,,,,,
UNITY SECONDARY SCHOOL,20 CHOA CHU KANG STREET 62,689143,20 CHOA CHU KANG STREET 62,1.40005,103.746125,",",,,,,,,
VICTORIA JUNIOR COLLEGE,20 MARINE VISTA,449035,20 MARINE VISTA,1.306142,103.919825,",",,,,,,,
VICTORIA SCHOOL,2 Siglap Link,448880,2 Siglap Link,1.308378,103.927638,",",,,,,,,
WELLINGTON PRIMARY SCHOOL,10 WELLINGTON CIRCLE,757702,10 WELLINGTON CIRCLE,36.329318,-94.163318,",",,,,,,,
WEST GROVE PRIMARY SCHOOL,1 JURONG WEST ST 72,649223,1 JURONG WEST ST 72,1.34455,103.698987,",",,,,,,,
WEST SPRING PRIMARY SCHOOL,60 Bukit Panjang Ring Road,679946,60 Bukit Panjang Ring Road,1.378253,103.772426,",",,,,,,,
WEST SPRING SECONDARY SCHOOL,61 SENJA ROAD,677737,61 SENJA ROAD,1.387707,103.760018,",",,,,,,,
WEST VIEW PRIMARY SCHOOL,31 SENJA ROAD,677742,31 SENJA ROAD,1.383113,103.760229,",",,,,,,,
WESTWOOD PRIMARY SCHOOL,1 Jurong West Street 73,649188,1 Jurong West Street 73,1.346195,103.699007,",",,,,,,,
WESTWOOD SECONDARY SCHOOL,11 JURONG WEST STREET 25,648350,11 JURONG WEST STREET 25,1.353569,103.701682,",",,,,,,,
WHITE SANDS PRIMARY SCHOOL,2 PASIR RIS ST 11,519075,2 PASIR RIS ST 11,1.364903,103.961329,",",,,,,,,
WHITLEY SECONDARY SCHOOL,30 Bishan Street 24,579747,30 Bishan Street 24,1.355497,103.843265,",",,,,,,,
WOODGROVE PRIMARY SCHOOL,2 WOODLANDS DRIVE 14,738079,2 WOODLANDS DRIVE 14,1.433234,103.790306,",",,,,,,,
WOODGROVE SECONDARY SCHOOL,3 WOODLANDS AVENUE 6,738990,3 WOODLANDS AVENUE 6,1.428068,103.796334,",",,,,,,,
WOODLANDS PRIMARY SCHOOL,10 WOODLANDS DRIVE 50,738853,10 WOODLANDS DRIVE 50,1.436771,103.791794,",",,,,,,,
WOODLANDS RING PRIMARY SCHOOL,11 WOODLANDS RING ROAD,738240,11 WOODLANDS RING ROAD,1.434839,103.797928,",",,,,,,,
WOODLANDS RING SECONDARY SCHOOL,10 WOODLANDS RING ROAD,738239,10 WOODLANDS RING ROAD,1.436147,103.800671,",",,,,,,,
WOODLANDS SECONDARY SCHOOL,11 MARSILING ROAD ,739111,11 MARSILING ROAD,1.439565,103.774208,",",,,,,,,
XINGHUA PRIMARY SCHOOL,45 HOUGANG AVENUE 1,538882,45 HOUGANG AVENUE 1,1.357861,103.889918,",",,,,,,,
XINGNAN PRIMARY SCHOOL,5 JURONG WEST STREET 91,649036,5 JURONG WEST STREET 91,1.342247,103.688066,",",,,,,,,
XINMIN PRIMARY SCHOOL,9 HOUGANG AVENUE 8,538784,9 HOUGANG AVENUE 8,1.371069,103.883029,",",,,,,,,
XINMIN SECONDARY SCHOOL,11 Hougang Avenue 8,538789,11 Hougang Avenue 8,1.372635,103.883077,",",,,,,,,
XISHAN PRIMARY SCHOOL,8 YISHUN STREET 21,768611,8 YISHUN STREET 21,1.433577,103.837571,",",,,,,,,
YANGZHENG PRIMARY SCHOOL,15 SERANGOON AVENUE 3,556108,15 SERANGOON AVENUE 3,1.348506,103.868407,",",,,,,,,
YEW TEE PRIMARY SCHOOL,10 CHOA CHU KANG ST 64,689100,10 CHOA CHU KANG ST 64,1.396985,103.751221,",",,,,,,,
YIO CHU KANG PRIMARY SCHOOL,1 HOUGANG STREET 51,538720,1 HOUGANG STREET 51,1.377792,103.885447,",",,,,,,,
YIO CHU KANG SECONDARY SCHOOL,3063 ANG MO KIO AVENUE 5,569868,3063 ANG MO KIO AVENUE 5,1.377635,103.842103,",",,,,,,,
YISHUN JUNIOR COLLEGE,3 YISHUN RING ROAD,768675,3 YISHUN RING ROAD,1.424637,103.829634,",",,,,,,,
YISHUN PRIMARY SCHOOL,500 YISHUN RING ROAD,768679,500 YISHUN RING ROAD,1.434101,103.833896,",",,,,,,,
YISHUN SECONDARY SCHOOL,4 YISHUN STREET 71,768516,4 YISHUN STREET 71,1.428129,103.828833,",",,,,,,,
YISHUN TOWN SECONDARY SCHOOL,6 YISHUN STREET 21,768610,6 YISHUN STREET 21,1.43231,103.837858,",",,,,,,,
YU NENG PRIMARY SCHOOL,56 BEDOK NORTH ST 3,469623,56 BEDOK NORTH ST 3,1.333929,103.932513,",",,,,,,,
YUAN CHING SECONDARY SCHOOL,103 YUAN CHING ROAD,618654,103 YUAN CHING ROAD,1.341917,103.720994,",",,,,,,,
YUHUA PRIMARY SCHOOL,158 JURONG EAST STREET 24,609558,158 JURONG EAST STREET 24,1.343263,103.740763,",",,,,,,,
YUHUA SECONDARY SCHOOL,247 JALAN BOON LAY,619522,247 JALAN BOON LAY,1.341733,103.710177,",",,,,,,,
YUMIN PRIMARY SCHOOL,3 TAMPINES STREET 21,529393,3 TAMPINES STREET 21,1.351484,103.951159,",",,,,,,,
YUSOF ISHAK SECONDARY SCHOOL,11 BUKIT BATOK STREET 25,658712,11 BUKIT BATOK STREET 25,1.342423,103.760309,",",,,,,,,
YUYING SECONDARY SCHOOL,47 HOUGANG AVENUE 1,538884,47 HOUGANG AVENUE 1,1.356754,103.890092,",",,,,,,,
ZHANGDE PRIMARY SCHOOL,51 Jalan Membina,169485,51 Jalan Membina,1.284578,103.826193,",",,,,,,,
ZHENGHUA PRIMARY SCHOOL,9 Fajar Road,679002,9 Fajar Road,1.37957,103.769301,",",,,,,,,
ZHENGHUA SECONDARY SCHOOL,91 SENJA ROAD,677741,91 SENJA ROAD,1.388271,103.764939,",",,,,,,,
ZHONGHUA PRIMARY SCHOOL,12 SERANGOON AVENUE 4 ,556095,12 SERANGOON AVENUE 4,1.359895,103.869558,",",,,,,,,
ZHONGHUA SECONDARY SCHOOL,13 SERANGOON AVENUE 3,556123,13 SERANGOON AVENUE 3,1.349457,103.869187,",",,,,,,,
